ChemDrawBase.dll	a5ba0	native-arrow-editing.inc
ChemDrawBase.dll	f2240	native-arrow-editing.inc
ChemDrawBase.dll	109fa0	placement-runtime.cpp
ChemDrawBase.dll	12dbc0	buffers.cpp
ChemDrawBase.dll	14a6d0	presentation.cpp
ChemDrawBase.dll	14a710	undo-camera.cpp
ChemDrawBase.dll	1523e0	spatial.cpp
ChemDrawBase.dll	152ad0	undo-camera.cpp
ChemDrawBase.dll	152c50	undo-camera.cpp
ChemDrawBase.dll	16a290	arrow-insertion.inc
ChemDrawBase.dll	16b660	smart-align.cpp
ChemDrawBase.dll	16bb50	smart-align.cpp
ChemDrawBase.dll	16ca20	smart-align.cpp
ChemDrawBase.dll	16ff00	presentation.cpp
ChemDrawBase.dll	19d090	presentation.cpp
ChemDrawBase.dll	19d130	presentation.cpp
ChemDrawBase.dll	253d20	placement-runtime.cpp
ChemDrawBase.dll	25ffd0	placement-runtime.cpp
ChemDrawBase.dll	260af0	placement-runtime.cpp
ChemDrawBase.dll	295af0	curved-arrow.cpp
ChemDrawBase.dll	2961f0	curved-arrow.cpp
ChemDrawBase.dll	296490	curved-arrow.cpp
ChemDrawBase.dll	29cab0	native-arrow-editing.inc
ChemDrawBase.dll	29e970	curved-arrow.cpp
ChemDrawBase.dll	29ed20	native-arrow-editing.inc
ChemDrawBase.dll	2a2580	native-arrow-editing.inc
ChemDrawBase.dll	2a2c00	native-arrow-editing.inc
ChemDrawBase.dll	2a5a90	native-arrow-editing.inc
ChemDrawBase.dll	2a6680	curved-arrow.cpp
ChemDrawBase.dll	2a6c00	curved-arrow.cpp
ChemDrawBase.dll	2a7bc0	native-arrow-editing.inc
ChemDrawBase.dll	2a8260	curved-arrow.cpp
ChemDrawBase.dll	2a8480	smart-align.cpp
ChemDrawBase.dll	2a9190	native-arrow-editing.inc
ChemDrawBase.dll	2b91d0	spatial.cpp
ChemDrawBase.dll	2b9380	presentation.cpp
ChemDrawBase.dll	2bfc30	spatial.cpp
ChemDrawBase.dll	2c39d0	spatial.cpp
ChemDrawBase.dll	2c3b60	spatial.cpp
ChemDrawBase.dll	2c4860	spatial.cpp
ChemDrawBase.dll	2c8d10	reaction-suggestion.cpp
ChemDrawBase.dll	2c9550	spatial.cpp
ChemDrawBase.dll	2cdc40	smart-align.cpp
ChemDrawBase.dll	2ea7e0	buffers.cpp
ChemDrawBase.dll	2eef50	spatial.cpp
ChemDrawBase.dll	2efc00	reaction-suggestion.cpp
ChemDrawBase.dll	2efce0	spatial.cpp
ChemDrawBase.dll	320440	smart-align.cpp
ChemDrawBase.dll	324920	spatial.cpp
ChemDrawBase.dll	325bc0	placement-runtime.cpp
ChemDrawBase.dll	325cd0	native-arrow-editing.inc
ChemDrawBase.dll	326140	native-arrow-editing.inc
ChemDrawBase.dll	327890	spatial.cpp
ChemDrawBase.dll	328a90	spatial.cpp
ChemDrawBase.dll	346e40	native-arrow-editing.inc
ChemDrawBase.dll	34c4e0	native-arrow-editing.inc
ChemDrawBase.dll	3e3570	smart-align.cpp
ChemDrawBase.dll	419560	buffers.cpp
ChemDrawBase.dll	461460	undo-camera.cpp
ChemDrawBase.dll	4d3b80	placement-runtime.cpp
ChemDrawBase.dll	4fa660	smart-align.cpp
ChemDrawBase.dll	4fa700	smart-align.cpp
ChemDrawBase.dll	4fb990	smart-align.cpp
ChemDrawBase.dll	4fbd20	bond-placement.cpp
ChemDrawBase.dll	4feb40	smart-align.cpp
ChemDrawBase.dll	4feef0	smart-align.cpp
ChemDrawBase.dll	503100	undo-camera.cpp
ChemDrawBase.dll	503140	undo-camera.cpp
ChemDrawBase.dll	503180	undo-camera.cpp
ChemDrawBase.dll	503410	history-trace.cpp
ChemDrawBase.dll	503480	history-trace.cpp
ChemDrawBase.dll	5035c0	undo-camera.cpp
ChemDrawBase.dll	542fb0	toolbar-paint.cpp
ChemDrawBase.dll	545970	toolbar-paint.cpp
ChemDrawBase.dll	59fea0	buffers.cpp
ChemDrawBase.dll	5a3de0	toolbar-paint.cpp
ChemDrawBase.dll	5adc10	toolbar-paint.cpp
ChemDrawBase.dll	5b1f10	toolbar-paint.cpp
ChemDrawBase.dll	5be6b0	runtime.cpp
ChemDrawBase.dll	5d5500	placement-runtime.cpp
ChemDrawBase.dll	5efcc0	toolbar-paint.cpp
ChemDrawBase.dll	5f1b90	toolbar-paint.cpp
ChemDrawBase.dll	5f7c90	presentation.cpp
ChemDrawBase.dll	5f84d0	presentation.cpp
ChemDrawBase.dll	5f88d0	presentation.cpp
ChemDrawBase.dll	5f92b0	presentation.cpp
ChemDrawBase.dll	5fe480	presentation.cpp
ChemDrawBase.dll	5ff4d0	presentation.cpp
ChemDrawBase.dll	600080	presentation.cpp
ChemDrawBase.dll	607950	buffers.cpp
ChemDrawBase.dll	623140	gpu-canvas.cpp
ChemDrawBase.dll	624ed0	gpu-canvas.cpp
ChemDrawBase.dll	626c80	buffers.cpp
ChemDrawBase.dll	631730	presentation.cpp
ChemDrawBase.dll	6336c0	presentation.cpp
ChemDrawBase.dll	643bc0	presentation.cpp
ChemDrawBase.dll	643c60	presentation.cpp
ChemDrawBase.dll	645a30	presentation.cpp
ChemDrawBase.dll	696dc0	history-trace.cpp
ChemDrawBase.dll	6971d0	history-trace.cpp
ChemDrawBase.dll	6d02f0	buffers.cpp
ChemDrawBase.dll	6d0640	buffers.cpp
ChemDrawBase.dll	6d0c90	buffers.cpp
ChemDrawBase.dll	6df570	gpu-ui.cpp
ChemDrawBase.dll	70adc0	spatial.cpp
ChemDrawBase.dll	70b790	spatial.cpp
ChemDrawBase.dll	70da50	buffers.cpp
ChemDrawBase.dll	70e360	buffers.cpp
ChemDrawBase.dll	7107c0	spatial.cpp
ChemDrawBase.dll	711500	spatial.cpp
ChemDrawBase.dll	715a50	undo-camera.cpp
ChemDrawBase.dll	715aa0	spatial.cpp
ChemDrawBase.dll	7183e0	placement-runtime.cpp
ChemDrawBase.dll	718c40	placement-runtime.cpp
ChemDrawBase.dll	719db0	spatial.cpp
ChemDrawBase.dll	732870	history-trace.cpp
ChemDrawBase.dll	824db0	startup.cpp
ChemDrawBase.dll	8469e4	buffers.cpp
ChemDrawUI.dll	250730	smart-align.cpp
ChemDrawUI.dll	2562e0	native-arrow-editing.inc
ChemDrawUI.dll	2567b0	native-arrow-editing.inc
ChemDrawUI.dll	256b50	native-arrow-editing.inc
ChemDrawUI.dll	256ed0	native-arrow-editing.inc
ChemDrawUI.dll	25a3c0	curved-arrow.cpp
ChemDrawUI.dll	25aea0	native-arrow-editing.inc
ChemDrawUI.dll	25af20	curved-arrow.cpp
ChemDrawUI.dll	25b100	native-arrow-editing.inc
ChemDrawUI.dll	25b270	curved-arrow.cpp
ChemDrawUI.dll	25b3d0	curved-arrow.cpp
ChemDrawUI.dll	25b720	native-arrow-editing.inc
ChemDrawUI.dll	25cd40	curved-arrow.cpp
ChemDrawUI.dll	25d3d0	curved-arrow.cpp
ChemDrawUI.dll	25dcd0	curved-arrow.cpp
ChemDrawUI.dll	25e1c0	curved-arrow.cpp
ChemDrawUI.dll	25edc0	curved-arrow.cpp
ChemDrawUI.dll	25f3f0	curved-arrow.cpp
ChemDrawUI.dll	268290	smart-align.cpp
ChemDrawUI.dll	26dab0	smart-align.cpp
ChemDrawUI.dll	275360	smart-align.cpp
ChemDrawUI.dll	287c30	smart-align.cpp
ChemDrawUI.dll	287ea0	smart-align.cpp
